Reference,CompanyName,Street1,Street2,PostalCode,City,StateIso2Code,CountryIso2Code,Type
1,Jabberstorm,Sloan 1,,13509,Berlin,BE,DE,Supplier
2,Zoomzone,Elgar 1,,81679,München,BY,DE,Supplier
3,Dabfeed,Lakewood 1,,74080,Heilbronn,BW,DE,Shipper
4,Zooxo,Reinke 1,,35581,Wetzlar,HE,DE,Shipper
5,Feedspan,Lawn 1,,44369,Dortmund,NW,DE,Supplier
6,Mudo,Village 1,,20249,Hamburg,HH,DE,Supplier
7,Thoughtsphere,Warner 1,,24109,Kiel,SH,DE,Shipper
8,Avamm,Pearson 1,,40215,Düsseldorf,NW,DE,Supplier
9,Avamm,Bartillon 1,Hill,80337,München,BY,DE,Shipper
10,Layo,Namekagon 1,,22041,Hamburg,HH,DE,Shipper
11,Feedfish,Dwight 1,,18147,Rostock,MV,DE,Shipper
12,Meevee,Ilene 1,,79106,Freiburg im Breisgau,BW,DE,Shipper
13,Roodel,Artisan 1,,34132,Kassel,HE,DE,Supplier
14,Brainsphere,Petterle 1,,22453,Hamburg,HH,DE,Supplier
15,Devbug,Riverside 1,,10179,Berlin,BE,DE,Supplier
16,Reallinks,Hollow Ridge 1,,44629,Herne,NW,DE,Shipper
17,Yotz,Kipling 1,,45886,Gelsenkirchen,NW,DE,Shipper
18,Photospace,Florence 1,,47239,Duisburg,NW,DE,Supplier
19,Skaboo,Haas 1,,51107,Köln,NW,DE,Supplier
20,Abata,Annamark 1,,22179,Hamburg Bramfeld,HH,DE,Shipper
21,Kazu,Morningstar 1,,23568,Lübeck,SH,DE,Supplier
22,Quimm,Di Loreto 1,,10409,Berlin,BE,DE,Supplier
23,Bubblebox,South 1,,22041,Hamburg,HH,DE,Shipper
24,Jatri,Homewood 1,,35581,Wetzlar,HE,DE,Shipper
25,Eamia,Golf Course 1,,52080,Aachen,NW,DE,Shipper
26,Bluejam,Starling 1,,40489,Düsseldorf,NW,DE,Shipper
27,Roombo,Burning Wood 1,,97078,Würzburg,BY,DE,Shipper
28,Reallinks,Monterey 1,,79114,Freiburg im Breisgau,BW,DE,Supplier
29,Eayo,Chinook 1,,63456,Hanau,HE,DE,Supplier
30,Flipbug,Paget 1,Park,06126,Halle,ST,DE,Shipper
31,Youspan,1st 1,Court,09123,Chemnitz,SN,DE,Supplier
32,Quimm,Maple 1,,18147,Rostock,MV,DE,Supplier
33,Quimm,Erie 1,,12169,Berlin,BE,DE,Supplier
34,Devpulse,Dwight 1,Way,80804,München,BY,DE,Supplier
35,Kamba,Johnson 1,Drive,50733,Köln,NW,DE,Supplier
36,Realbridge,Emmet 1,,20359,Hamburg,HH,DE,Shipper
37,Izio,Nova 1,,12169,Berlin,BE,DE,Supplier
38,Zooxo,Myrtle 1,,42897,Remscheid,NW,DE,Shipper
39,Browseblab,Stoughton 1,,70190,Stuttgart,BW,DE,Shipper
40,Kwimbee,Onsgard 1,,79106,Freiburg im Breisgau,BW,DE,Supplier
41,Skinix,Debs 1,,12045,Berlin,BE,DE,Shipper
42,Quire,Namekagon 1,,13599,Berlin,BE,DE,Supplier
43,Blogtag,Nancy 1,,66119,Saarbrücken,SL,DE,Supplier
44,Brightdog,Canary 1,,06126,Halle,ST,DE,Shipper
45,Skibox,Dwight 1,,47239,Duisburg,NW,DE,Supplier
46,Browsecat,Stoughton 1,,12045,Berlin,BE,DE,Shipper
47,Jabberstorm,Buena Vista 1,,12437,Berlin,BE,DE,Supplier
48,Jaloo,Fairfield 1,,18147,Rostock,MV,DE,Supplier
49,Skimia,Katie 1,,42349,Wuppertal,NW,DE,Supplier
50,Leexo,Merry 1,,13347,Berlin,BE,DE,Supplier
51,Wordify,Sherman 1,,01189,Dresden,SN,DE,Shipper
52,Miboo,Arkansas 1,,03055,Cottbus,BB,DE,Supplier
53,Jamia,Manley 1,,70190,Stuttgart,BW,DE,Supplier
54,Rhycero,Almo 1,,41468,Neuss,NW,DE,Shipper
55,Fliptune,Darwin 1,,27576,Bremerhaven,HB,DE,Supplier
56,Eabox,Hooker 1,,52080,Aachen,NW,DE,Shipper
57,Browsezoom,Rockefeller 1,,68239,Mannheim,BW,DE,Shipper
58,Browseblab,Cherokee 1,Road,80995,München,BY,DE,Shipper
59,Jabberstorm,Ilene 1,,13409,Berlin,BE,DE,Shipper
60,Bubbletube,Prairie Rose 1,,40215,Düsseldorf,NW,DE,Shipper
61,Avaveo,Vermont 1,,09123,Chemnitz,SN,DE,Shipper
62,Tagcat,Melrose 1,,81543,München,BY,DE,Supplier
63,Topiclounge,Jana 1,,70190,Stuttgart,BW,DE,Shipper
64,Zooxo,Petterle 1,,80995,München,BY,DE,Shipper
65,Ainyx,Tony 1,,34132,Kassel,HE,DE,Shipper
66,Zoonder,Maple 1,,12169,Berlin,BE,DE,Shipper
67,Skalith,Hallows 1,,39130,Magdeburg,ST,DE,Shipper
68,Eimbee,Old Gate 1,,41468,Neuss,NW,DE,Shipper
69,Meevee,Carioca 1,,04288,Leipzig,SN,DE,Supplier
70,Feedbug,Esker 1,,53129,Bonn,NW,DE,Supplier
71,Vipe,East 1,,80995,München,BY,DE,Supplier
72,BlogXS,Hoepker 1,,79106,Freiburg im Breisgau,BW,DE,Supplier
73,Vidoo,Lighthouse Bay 1,,72768,Reutlingen,BW,DE,Supplier
74,Kare,Kenwood 1,,01156,Dresden,SN,DE,Shipper
75,Wordify,East 1,,44143,Dortmund,NW,DE,Shipper
76,Pixonyx,Susan 1,,47239,Duisburg,NW,DE,Shipper
77,Yozio,Helena 1,,68239,Mannheim,BW,DE,Supplier
78,Jaxworks,Scofield 1,,28239,Bremen,HB,DE,Shipper
79,Eayo,Thierer 1,,90411,Nürnberg,BY,DE,Supplier
80,Yambee,Shopko 1,Alley,38106,Braunschweig,NI,DE,Shipper
81,Janyx,Division 1,,33619,Bielefeld,NW,DE,Shipper
82,Twitterbeat,Fairview 1,,65191,Wiesbaden,HE,DE,Shipper
83,Twitterbridge,Prairie Rose 1,,42659,Solingen,NW,DE,Shipper
84,Blogpad,Summer Ridge 1,,45149,Essen,NW,DE,Supplier
85,Realmix,Nevada 1,,12437,Berlin,BE,DE,Shipper
86,Yodel,Derek 1,Way,74080,Heilbronn,BW,DE,Supplier
87,Oyoyo,Maywood 1,Circle,03055,Cottbus,BB,DE,Shipper
88,Zoomdog,1st 1,,01189,Dresden,SN,DE,Supplier
89,Quatz,Weeping Birch 1,,33619,Bielefeld,NW,DE,Supplier
90,Camimbo,Kedzie 1,,40591,Düsseldorf,NW,DE,Supplier
91,Riffpedia,Graedel 1,,41468,Neuss,NW,DE,Supplier
92,Gigaclub,Arapahoe 1,,01462,Dresden,SN,DE,Shipper
93,Photojam,Milwaukee 1,,20459,Hamburg Sankt Pauli,HH,DE,Supplier
94,Youbridge,Hoepker 1,,81543,München,BY,DE,Supplier
95,Thoughtsphere,Veith 1,,42659,Solingen,NW,DE,Shipper
96,Oyondu,Dwight 1,,14109,Berlin,BE,DE,Supplier
97,Thoughtworks,Barby 1,,65191,Wiesbaden,HE,DE,Shipper
98,Cogidoo,Lien 1,,13599,Berlin,BE,DE,Shipper
99,Vidoo,Clyde Gallagher 1,,06116,Halle,ST,DE,Shipper
100,Bluezoom,Glendale 1,,04109,Leipzig,SN,DE,Shipper
101,Gabcube,Canary 1,,09116,Chemnitz,SN,DE,Supplier
102,Omba,Thackeray 1,,86156,Augsburg,BY,DE,Shipper
103,Myworks,Hermina 1,Alley,76199,Karlsruhe,BW,DE,Shipper
104,Brainsphere,Bluestem 1,,12437,Berlin,BE,DE,Shipper
105,Wordware,Linden 1,,90480,Nürnberg,BY,DE,Supplier
106,Centizu,Basil 1,,12437,Berlin,BE,DE,Shipper
107,Topicshots,Meadow Vale 1,,80804,München,BY,DE,Supplier
108,Tanoodle,Hallows 1,,22769,Hamburg,HH,DE,Shipper
109,Edgetag,Vermont 1,,67067,Ludwigshafen am Rhein,RP,DE,Shipper
110,Trunyx,Service 1,,48161,Münster,NW,DE,Supplier
111,Meezzy,Ridgeview 1,,28239,Bremen,HB,DE,Supplier
112,Divanoodle,Everett 1,,55124,Mainz,RP,DE,Supplier
113,Tagfeed,6th 1,,51149,Köln,NW,DE,Supplier
114,Thoughtbeat,Green 1,,13509,Berlin,BE,DE,Shipper
115,Fatz,Forest Run 1,,63456,Hanau,HE,DE,Supplier
116,Photospace,Cody 1,,22179,Hamburg,HH,DE,Shipper
117,Skipstorm,Pearson 1,Hill,33619,Bielefeld,NW,DE,Shipper
118,Cogibox,Northwestern 1,,70180,Stuttgart Stuttgart-Mitte,BW,DE,Shipper
119,Browsetype,Thierer 1,,97078,Würzburg,BY,DE,Supplier
120,Bluejam,Hoard 1,Drive,42349,Wuppertal,NW,DE,Shipper
121,Gevee,Almo 1,,01462,Dresden,SN,DE,Shipper
122,Miboo,Reinke 1,,20249,Hamburg,HH,DE,Supplier
123,Digitube,Lien 1,,28355,Bremen,HB,DE,Shipper
124,Skidoo,Donald 1,,63456,Hanau,HE,DE,Shipper
125,Rhycero,John Wall 1,Trail,22179,Hamburg,HH,DE,Supplier
126,Meevee,Nelson 1,,80337,München,BY,DE,Shipper
127,Bubblemix,Merry 1,Plaza,12437,Berlin,BE,DE,Supplier
128,Wordify,Goodland 1,,34132,Kassel,HE,DE,Shipper
129,Wikivu,Buell 1,,79106,Freiburg im Breisgau,BW,DE,Supplier
130,Fanoodle,Meadow Vale 1,,79106,Freiburg im Breisgau,BW,DE,Supplier
131,Trunyx,Manley 1,,53129,Bonn,NW,DE,Shipper
132,Topicstorm,Ridge Oak 1,,22179,Hamburg,HH,DE,Supplier
133,Plambee,Independence 1,,90480,Nürnberg,BY,DE,Shipper
134,Meemm,Bellgrove 1,,39130,Magdeburg,ST,DE,Shipper
135,Meedoo,Swallow 1,,18147,Rostock,MV,DE,Supplier
136,Ntag,Forest Dale 1,,35581,Wetzlar,HE,DE,Shipper
137,Teklist,Chinook 1,,50674,Köln,NW,DE,Shipper
138,Eayo,Golden Leaf 1,,45149,Essen,NW,DE,Supplier
139,Yombu,Old Gate 1,,22041,Hamburg,HH,DE,Shipper
140,Rhynoodle,Homewood 1,,04109,Leipzig,SN,DE,Shipper
141,Fivebridge,Mifflin 1,,42285,Wuppertal,NW,DE,Supplier
142,Nlounge,Jay 1,,41199,Mönchengladbach,NW,DE,Supplier
143,Plajo,Dwight 1,Lane,45149,Essen,NW,DE,Shipper
144,Yabox,Bay 1,,80337,München,BY,DE,Shipper
145,Browsedrive,Westport 1,,49082,Osnabrück,NI,DE,Supplier
146,Buzzster,Randy 1,,10179,Berlin,BE,DE,Supplier
147,Kazu,Caliangt 1,Pass,10823,Berlin,BE,DE,Supplier
148,Oba,Summer Ridge 1,,03055,Cottbus,BB,DE,Supplier
149,Quinu,High Crossing 1,,80804,München,BY,DE,Shipper
150,Fivebridge,Cottonwood 1,,28239,Bremen,HB,DE,Shipper
151,Zoozzy,Blaine 1,,12103,Berlin,BE,DE,Shipper
152,Oloo,Village Green 1,,74080,Heilbronn,BW,DE,Shipper
153,Agimba,Portage 1,Way,06126,Halle,ST,DE,Supplier
154,Viva,Messerschmidt 1,,90451,Nürnberg,BY,DE,Shipper
155,Mita,Caliangt 1,,68239,Mannheim,BW,DE,Shipper
156,Dabvine,Bowman 1,,45886,Gelsenkirchen,NW,DE,Shipper
157,Twitterwire,Dunning 1,,42897,Remscheid,NW,DE,Supplier
158,Skinix,Swallow 1,,01156,Dresden,SN,DE,Supplier
159,Oyondu,Dixon 1,,72768,Reutlingen,BW,DE,Supplier
160,Tagtune,Corben 1,,30167,Hannover,NI,DE,Supplier
161,DabZ,Bashford 1,,13509,Berlin,BE,DE,Shipper
162,Linkbuzz,Mosinee 1,,10715,Berlin,BE,DE,Shipper
163,Leexo,Johnson 1,,22453,Hamburg,HH,DE,Shipper
164,Yata,Barnett 1,,04109,Leipzig,SN,DE,Shipper
165,Vimbo,Dawn 1,,45473,Mülheim an der Ruhr,NW,DE,Shipper
166,Blogtags,Crescent Oaks 1,,40225,Düsseldorf,NW,DE,Supplier
167,Tekfly,Oriole 1,,80686,München,BY,DE,Supplier
168,Rhyzio,Tennessee 1,,81373,München,BY,DE,Shipper
169,Oba,Melby 1,,30453,Hannover,NI,DE,Supplier
170,Ailane,Manley 1,,45149,Essen,NW,DE,Supplier
171,Centimia,Northwestern 1,,13088,Berlin,BE,DE,Supplier
172,Oyope,Stuart 1,,13599,Berlin,BE,DE,Supplier
173,Linktype,Jenifer 1,,01462,Dresden,SN,DE,Shipper
174,Browsezoom,Vidon 1,,42897,Remscheid,NW,DE,Supplier
175,Kayveo,Wayridge 1,,38106,Braunschweig,NI,DE,Supplier
176,Dynazzy,2nd 1,,79114,Freiburg im Breisgau,BW,DE,Shipper
177,Quatz,Scoville 1,Terrace,51149,Köln,NW,DE,Shipper
178,Shufflebeat,Schiller 1,,13599,Berlin,BE,DE,Shipper
179,Wikizz,Pepper Wood 1,,81543,München,BY,DE,Supplier
180,Buzzster,Drewry 1,,81373,München,BY,DE,Supplier
181,Jaxworks,Eastwood 1,,06126,Halle,ST,DE,Supplier
182,Youopia,Fulton 1,,04109,Leipzig,SN,DE,Shipper
183,Feedspan,Loftsgordon 1,,86156,Augsburg,BY,DE,Supplier
184,Agivu,Old Shore 1,,34132,Kassel,HE,DE,Shipper
185,Blogtags,Mosinee 1,,70180,Stuttgart Stuttgart-Mitte,BW,DE,Shipper
186,Flashdog,North 1,,51149,Köln,NW,DE,Shipper
187,Edgeify,Russell 1,,28239,Bremen,HB,DE,Supplier
188,Babbleopia,Moose 1,,50733,Köln,NW,DE,Supplier
189,Twitterbridge,Morrow 1,,66119,Saarbrücken,SL,DE,Shipper
190,Realbridge,Sycamore 1,,44369,Dortmund,NW,DE,Supplier
191,Browsebug,Buena Vista 1,Place,40215,Düsseldorf,NW,DE,Shipper
192,LiveZ,Cascade 1,,12045,Berlin,BE,DE,Shipper
193,Brightdog,Stuart 1,,45473,Mülheim an der Ruhr,NW,DE,Supplier
194,Demizz,Northfield 1,,48161,Münster,NW,DE,Supplier
195,Quatz,Duke 1,,37217,Witzenhausen,HE,DE,Shipper
196,Youopia,Macpherson 1,,23568,Lübeck,SH,DE,Supplier
197,Flipbug,Mccormick 1,,35687,Dillenburg,HE,DE,Shipper
198,Skipfire,Hollow Ridge 1,,65191,Wiesbaden,HE,DE,Shipper
199,Zoomlounge,Kenwood 1,,12683,Berlin,BE,DE,Supplier
200,Meezzy,Riverside 1,,90451,Nürnberg,BY,DE,Supplier
201,Zoomdog,Scoville 1,,70567,Stuttgart,BW,DE,Supplier
202,Vipe,Reindahl 1,,90451,Nürnberg,BY,DE,Shipper
203,Roombo,Walton 1,,35687,Dillenburg,HE,DE,Supplier
204,Fivechat,North 1,Hill,10587,Berlin,BE,DE,Supplier
205,Zoomcast,Westridge 1,,60325,Frankfurt am Main,HE,DE,Supplier
206,Jayo,Cody 1,,41199,Mönchengladbach,NW,DE,Supplier
207,Jaxworks,Graceland 1,,80686,München,BY,DE,Shipper
208,Thoughtstorm,Donald 1,,60435,Frankfurt am Main,HE,DE,Shipper
209,Skiptube,Ohio 1,Place,10715,Berlin,BE,DE,Supplier
210,Demivee,Lotheville 1,,35581,Wetzlar,HE,DE,Supplier
211,Yozio,Monument 1,,49082,Osnabrück,NI,DE,Shipper
212,Topicblab,Tennessee 1,,51107,Köln,NW,DE,Shipper
213,Avaveo,Forest 1,,01462,Dresden,SN,DE,Shipper
214,Geba,Novick 1,,20249,Hamburg,HH,DE,Shipper
215,Skidoo,Elka 1,Terrace,81373,München,BY,DE,Shipper
216,Edgeify,Lakeland 1,,24109,Kiel,SH,DE,Shipper
217,Skyvu,Namekagon 1,,90451,Nürnberg,BY,DE,Shipper
218,Oozz,Nevada 1,Street,42285,Wuppertal,NW,DE,Shipper
219,Realmix,Myrtle 1,,42349,Wuppertal,NW,DE,Supplier
220,Zoomzone,Grayhawk 1,,60549,Frankfurt am Main,HE,DE,Supplier
221,Twitterlist,Lukken 1,,30167,Hannover,NI,DE,Supplier
222,Trudeo,5th 1,,99089,Erfurt,TH,DE,Supplier
223,Centizu,Dorton 1,,42285,Wuppertal,NW,DE,Supplier
224,Wikizz,Valley Edge 1,,12437,Berlin,BE,DE,Shipper
225,Kazu,Sutherland 1,,60435,Frankfurt am Main,HE,DE,Supplier
226,Flipopia,Acker 1,,41199,Mönchengladbach,NW,DE,Supplier
227,Blogtag,Lukken 1,,14199,Berlin,BE,DE,Shipper
228,Nlounge,Hermina 1,,12307,Berlin,BE,DE,Supplier
229,Tagtune,Express 1,,40225,Düsseldorf,NW,DE,Shipper
230,Thoughtstorm,Brickson Park 1,,01462,Dresden,SN,DE,Supplier
231,Meevee,Browning 1,,70567,Stuttgart,BW,DE,Shipper
232,Dablist,2nd 1,,44869,Bochum,NW,DE,Supplier
233,Yacero,Meadow Valley 1,,45886,Gelsenkirchen,NW,DE,Supplier
234,Jaxspan,Spenser 1,Circle,40225,Düsseldorf,NW,DE,Supplier
235,Oodoo,Schiller 1,,81373,München,BY,DE,Shipper
236,Realbridge,Spenser 1,,37217,Witzenhausen,HE,DE,Supplier
237,Ainyx,Bunker Hill 1,,42659,Solingen,NW,DE,Supplier
238,Kimia,Westridge 1,,45149,Essen,NW,DE,Shipper
239,DabZ,Northridge 1,,63456,Hanau,HE,DE,Shipper
240,Katz,Northview 1,,45886,Gelsenkirchen,NW,DE,Supplier
241,Twimbo,Mcguire 1,,40489,Düsseldorf,NW,DE,Shipper
242,Skaboo,Fordem 1,,10409,Berlin,BE,DE,Supplier
243,Quinu,Heffernan 1,,22041,Hamburg,HH,DE,Supplier
244,Shuffletag,Annamark 1,,20249,Hamburg Harvestehude,HH,DE,Supplier
245,Meembee,Waxwing 1,,99089,Erfurt,TH,DE,Supplier
246,Quimba,Eastlawn 1,,42659,Solingen,NW,DE,Supplier
247,Browsedrive,Oxford 1,,80804,München,BY,DE,Supplier
248,Eayo,Homewood 1,,90480,Nürnberg,BY,DE,Shipper
249,Leexo,Forest Dale 1,,44869,Bochum,NW,DE,Supplier
250,Skyvu,Doe Crossing 1,,20359,Hamburg,HH,DE,Supplier
251,Demizz,Birchwood 1,,53129,Bonn,NW,DE,Supplier
252,Oyondu,Daystar 1,,81543,München,BY,DE,Supplier
253,Snaptags,Miller 1,,40591,Düsseldorf,NW,DE,Supplier
254,Jabberbean,Mifflin 1,,12307,Berlin,BE,DE,Supplier
255,Blogtags,Kim 1,,04109,Leipzig,SN,DE,Supplier
256,Buzzster,Del Mar 1,,04109,Leipzig,SN,DE,Supplier
257,Meezzy,East 1,,14199,Berlin,BE,DE,Supplier
258,Voonyx,Doe Crossing 1,,70567,Stuttgart,BW,DE,Shipper
259,Photobug,Waxwing 1,,37217,Witzenhausen,HE,DE,Shipper
260,Zoomdog,Muir 1,Place,18147,Rostock,MV,DE,Supplier
261,Rhyloo,Anniversary 1,,22303,Hamburg Winterhude,HH,DE,Shipper
262,Devpulse,Carberry 1,Place,23568,Lübeck,SH,DE,Shipper
263,Jabberstorm,Dorton 1,,44269,Dortmund,NW,DE,Supplier
264,Blogspan,Harbort 1,,04288,Leipzig,SN,DE,Supplier
265,Quimba,Drewry 1,,24109,Kiel,SH,DE,Supplier
266,Mydo,Mallard 1,,30629,Hannover,NI,DE,Shipper
267,Kayveo,Orin 1,,97078,Würzburg,BY,DE,Supplier
268,Miboo,Thackeray 1,,45473,Mülheim an der Ruhr,NW,DE,Supplier
269,Twinder,Shasta 1,,55124,Mainz,RP,DE,Supplier
270,Youspan,Continental 1,,30629,Hannover,NI,DE,Supplier
271,Layo,Buell 1,,42349,Wuppertal,NW,DE,Supplier
272,InnoZ,Lillian 1,,38106,Braunschweig,NI,DE,Shipper
273,Thoughtworks,New Castle 1,,72768,Reutlingen,BW,DE,Supplier
274,Brainsphere,Dixon 1,,21037,Hamburg,HH,DE,Supplier
275,Buzzbean,Chive 1,,40215,Düsseldorf,NW,DE,Shipper
276,Thoughtblab,Riverside 1,,40591,Düsseldorf,NW,DE,Supplier
277,Skajo,Maywood 1,,50733,Köln,NW,DE,Supplier
278,Youtags,Summit 1,Trail,66119,Saarbrücken,SL,DE,Supplier
279,Leenti,Stone Corner 1,,97078,Würzburg,BY,DE,Shipper
280,Eidel,Graedel 1,,40215,Düsseldorf,NW,DE,Shipper
281,Tavu,Shopko 1,,51149,Köln,NW,DE,Supplier
282,Edgewire,Laurel 1,,20249,Hamburg Harvestehude,HH,DE,Shipper
283,Topiclounge,Lighthouse Bay 1,,86156,Augsburg,BY,DE,Shipper
284,Chatterbridge,Novick 1,,20249,Hamburg,HH,DE,Shipper
285,Jaxworks,Katie 1,,76199,Karlsruhe,BW,DE,Supplier
286,Quinu,Sheridan 1,,10409,Berlin,BE,DE,Shipper
287,Skinte,Northridge 1,,97078,Würzburg,BY,DE,Supplier
288,Edgeblab,Clarendon 1,,30167,Hannover,NI,DE,Shipper
289,Eayo,5th 1,,22111,Hamburg,HH,DE,Supplier
290,Skyble,Hagan 1,,63456,Hanau,HE,DE,Supplier
291,Kamba,Crownhardt 1,,22303,Hamburg Winterhude,HH,DE,Shipper
292,Innojam,Russell 1,,12559,Berlin,BE,DE,Shipper
293,Edgeify,Farwell 1,,80337,München,BY,DE,Shipper
294,Oyoyo,Sunbrook 1,,40215,Düsseldorf,NW,DE,Shipper
295,InnoZ,Wayridge 1,,51149,Köln,NW,DE,Shipper
296,Realblab,Talisman 1,,50674,Köln,NW,DE,Shipper
297,Shufflester,Rockefeller 1,,90480,Nürnberg,BY,DE,Supplier
298,Aibox,Knutson 1,,48161,Münster,NW,DE,Supplier
299,Tagtune,Farmco 1,,45149,Essen,NW,DE,Supplier
300,Blogpad,Banding 1,,44269,Dortmund,NW,DE,Supplier
301,Podcat,Kropf 1,,14199,Berlin,BE,DE,Supplier
302,Gevee,Sherman 1,,12103,Berlin,BE,DE,Supplier
303,Demivee,Redwing 1,,60325,Frankfurt am Main,HE,DE,Shipper
304,Skibox,Columbus 1,,22179,Hamburg,HH,DE,Supplier
305,Agivu,Shelley 1,,52080,Aachen,NW,DE,Supplier
306,Babblestorm,Nelson 1,Hill,51149,Köln,NW,DE,Supplier
307,Ntags,West 1,,28355,Bremen,HB,DE,Shipper
308,Bluejam,Grasskamp 1,,79114,Freiburg im Breisgau,BW,DE,Shipper
309,Skyba,Kipling 1,,13347,Berlin,BE,DE,Supplier
310,Jatri,Mallard 1,,90411,Nürnberg,BY,DE,Shipper
311,Tambee,Mockingbird 1,,04109,Leipzig,SN,DE,Supplier
312,Oyonder,Dryden 1,,12559,Berlin,BE,DE,Shipper
313,Vidoo,Sommers 1,,35581,Wetzlar,HE,DE,Supplier
314,Plajo,Vernon 1,,40591,Düsseldorf,NW,DE,Shipper
315,Lazz,Erie 1,,80995,München,BY,DE,Supplier
316,Photolist,Wayridge 1,,40591,Düsseldorf,NW,DE,Shipper
317,Jabberbean,Carpenter 1,,63073,Offenbach,HE,DE,Shipper
318,Skiptube,Tony 1,,80337,München,BY,DE,Shipper
319,Fivebridge,Hanson 1,Drive,51149,Köln,NW,DE,Supplier
320,Linklinks,Independence 1,,34132,Kassel,HE,DE,Supplier
321,Dynabox,Fuller 1,,81679,München,BY,DE,Supplier
322,Jayo,Erie 1,,72768,Reutlingen,BW,DE,Shipper
323,Browsedrive,Saint Paul 1,,74080,Heilbronn,BW,DE,Supplier
324,Skidoo,Rigney 1,,12437,Berlin,BE,DE,Shipper
325,Livetube,Randy 1,Road,70567,Stuttgart,BW,DE,Supplier
326,Skalith,Washington 1,,20459,Hamburg Sankt Pauli,HH,DE,Shipper
327,Kamba,Declaration 1,,80337,München,BY,DE,Supplier
328,InnoZ,Sherman 1,Center,22303,Hamburg Winterhude,HH,DE,Supplier
329,Oyoyo,Chive 1,,06116,Halle,ST,DE,Shipper
330,Muxo,Cottonwood 1,Street,81679,München,BY,DE,Shipper
331,Tekfly,Bultman 1,Park,55124,Mainz,RP,DE,Shipper
332,Eamia,Morningstar 1,,63073,Offenbach,HE,DE,Shipper
333,Thoughtstorm,Graedel 1,,37217,Witzenhausen,HE,DE,Shipper
334,Twitterlist,Cottonwood 1,Court,44269,Dortmund,NW,DE,Supplier
335,Kaymbo,Esker 1,,63456,Hanau,HE,DE,Shipper
336,Blogspan,Weeping Birch 1,,65191,Wiesbaden,HE,DE,Supplier
337,Youspan,Blue Bill Park 1,,13599,Berlin,BE,DE,Supplier
338,Chatterpoint,Northport 1,,66119,Saarbrücken,SL,DE,Shipper
339,Zoomlounge,Graedel 1,,44369,Dortmund,NW,DE,Shipper
340,Gevee,Truax 1,,72768,Reutlingen,BW,DE,Shipper
341,Tanoodle,Roxbury 1,,18147,Rostock,MV,DE,Shipper
342,Dynazzy,Main 1,,24118,Kiel,SH,DE,Shipper
343,Dabvine,Glendale 1,,66119,Saarbrücken,SL,DE,Supplier
344,Zoovu,Norway Maple 1,,21037,Hamburg,HH,DE,Supplier
345,Devcast,Sauthoff 1,Junction,04288,Leipzig,SN,DE,Shipper
346,Chatterpoint,Pierstorff 1,,76199,Karlsruhe,BW,DE,Shipper
347,Cogilith,Comanche 1,,13509,Berlin,BE,DE,Shipper
348,Babbleset,Thierer 1,,13088,Berlin,BE,DE,Shipper
349,Meembee,Kedzie 1,,12103,Berlin,BE,DE,Supplier
350,Meeveo,High Crossing 1,,79106,Freiburg im Breisgau,BW,DE,Shipper
351,Eabox,Crowley 1,,13509,Berlin,BE,DE,Supplier
352,Skilith,La Follette 1,,50935,Köln,NW,DE,Shipper
353,Leexo,Sunfield 1,,80686,München,BY,DE,Shipper
354,Fanoodle,Old Shore 1,,20249,Hamburg,HH,DE,Supplier
355,Demizz,Lawn 1,Pass,22339,Hamburg,HH,DE,Shipper
356,Aibox,Ridgeview 1,Point,80804,München,BY,DE,Shipper
357,Browsebug,Ramsey 1,,27576,Bremerhaven,HB,DE,Shipper
358,Voolith,Kingsford 1,Center,44629,Herne,NW,DE,Supplier
359,Chatterbridge,Schlimgen 1,,21037,Hamburg,HH,DE,Supplier
360,Jaloo,Crownhardt 1,,52080,Aachen,NW,DE,Supplier
361,Dynazzy,Sachs 1,,97078,Würzburg,BY,DE,Supplier
362,Oozz,Redwing 1,Drive,40489,Düsseldorf,NW,DE,Shipper
363,Zooxo,Dawn 1,,01189,Dresden,SN,DE,Shipper
364,Bluezoom,Forest 1,,24118,Kiel,SH,DE,Shipper
365,Demivee,Rusk 1,,48161,Münster,NW,DE,Shipper
366,Voomm,Sherman 1,,38126,Braunschweig,NI,DE,Shipper
367,Yacero,Butternut 1,,40215,Düsseldorf,NW,DE,Supplier
368,Yodoo,Bobwhite 1,,13599,Berlin,BE,DE,Shipper
369,Riffwire,Maple 1,,01462,Dresden,SN,DE,Supplier
370,Tagchat,Briar Crest 1,,09116,Chemnitz,SN,DE,Supplier
371,Zooveo,Butterfield 1,,30629,Hannover,NI,DE,Supplier
372,Feednation,Lindbergh 1,,45886,Gelsenkirchen,NW,DE,Shipper
373,Twinder,Daystar 1,,86156,Augsburg,BY,DE,Supplier
374,Zooveo,Dovetail 1,,01462,Dresden,SN,DE,Supplier
375,Yata,Division 1,,04109,Leipzig,SN,DE,Supplier
376,Layo,Scott 1,,22339,Hamburg,HH,DE,Supplier
377,Tanoodle,Bluestem 1,Junction,24118,Kiel,SH,DE,Supplier
378,Viva,Duke 1,Court,03055,Cottbus,BB,DE,Supplier
379,Photofeed,Mariners Cove 1,,12169,Berlin,BE,DE,Supplier
380,Voonix,Daystar 1,,45141,Essen,NW,DE,Supplier
381,Ailane,Lyons 1,,13599,Berlin,BE,DE,Supplier
382,Agimba,Sauthoff 1,,45141,Essen,NW,DE,Supplier
383,Vidoo,Lyons 1,,13509,Berlin,BE,DE,Supplier
384,Oyonder,Banding 1,,39130,Magdeburg,ST,DE,Shipper
385,Yambee,Becker 1,,80995,München,BY,DE,Shipper
386,Fivespan,Grasskamp 1,,13509,Berlin,BE,DE,Shipper
387,Jabbersphere,Nelson 1,,24118,Kiel,SH,DE,Shipper
388,Zoozzy,Mosinee 1,,60325,Frankfurt am Main,HE,DE,Shipper
389,Blogspan,Dwight 1,Park,10587,Berlin,BE,DE,Supplier
390,Divape,Vahlen 1,,12307,Berlin,BE,DE,Supplier
391,Trupe,Elgar 1,,81679,München,BY,DE,Supplier
392,Ailane,Dunning 1,,04288,Leipzig,SN,DE,Supplier
393,Jabbertype,Stephen 1,,12683,Berlin,BE,DE,Shipper
394,Quimba,Texas 1,,06126,Halle,ST,DE,Shipper
395,Kwilith,Jackson 1,,80337,München,BY,DE,Supplier
396,Jabbersphere,Moose 1,,35687,Dillenburg,HE,DE,Shipper
397,Twinder,Summer Ridge 1,,50674,Köln,NW,DE,Supplier
398,Photospace,Swallow 1,,63456,Hanau,HE,DE,Supplier
399,Viva,Arrowood 1,Plaza,10587,Berlin,BE,DE,Shipper
400,Wordify,Nevada 1,,20459,Hamburg Sankt Pauli,HH,DE,Supplier
401,Gabvine,Elka 1,,33619,Bielefeld,NW,DE,Supplier
402,Zava,Longview 1,,22041,Hamburg,HH,DE,Shipper
403,Jetwire,Pleasure 1,,74080,Heilbronn,BW,DE,Supplier
404,Devcast,Old Gate 1,,21037,Hamburg,HH,DE,Shipper
405,Latz,Ruskin 1,,70190,Stuttgart,BW,DE,Supplier
406,Pixoboo,Briar Crest 1,,74080,Heilbronn,BW,DE,Shipper
407,Topdrive,Lindbergh 1,,22179,Hamburg Bramfeld,HH,DE,Supplier
408,Topicshots,Cordelia 1,,06116,Halle,ST,DE,Shipper
409,Fliptune,Aberg 1,,04317,Leipzig,SN,DE,Shipper
410,Kamba,Sunbrook 1,,22559,Hamburg,HH,DE,Shipper
411,Jayo,Bartelt 1,,45149,Essen,NW,DE,Shipper
412,Oodoo,La Follette 1,,47239,Duisburg,NW,DE,Shipper
413,Jaxspan,International 1,,04317,Leipzig,SN,DE,Shipper
414,Divanoodle,Susan 1,Circle,22179,Hamburg Bramfeld,HH,DE,Supplier
415,Skibox,Lyons 1,,12045,Berlin,BE,DE,Supplier
416,Rhyloo,Harbort 1,,65191,Wiesbaden,HE,DE,Supplier
417,Vidoo,Oak Valley 1,Point,44369,Dortmund,NW,DE,Supplier
418,Leenti,School 1,,80337,München,BY,DE,Shipper
419,Gigazoom,Little Fleur 1,,99089,Erfurt,TH,DE,Supplier
420,Fatz,Laurel 1,,38126,Braunschweig,NI,DE,Shipper
421,Brainlounge,Stoughton 1,,01189,Dresden,SN,DE,Shipper
422,Mybuzz,East 1,,09123,Chemnitz,SN,DE,Supplier
423,Quaxo,Upham 1,,60325,Frankfurt am Main,HE,DE,Shipper
424,Fatz,Emmet 1,,22111,Hamburg,HH,DE,Supplier
425,Twitternation,Hansons 1,,48161,Münster,NW,DE,Shipper
426,Twitterlist,Vernon 1,,28355,Bremen,HB,DE,Supplier
427,Oyoyo,Miller 1,,99089,Erfurt,TH,DE,Supplier
428,Rhybox,Surrey 1,,35687,Dillenburg,HE,DE,Supplier
429,Browsecat,Esker 1,,44629,Herne,NW,DE,Shipper
430,Aimbo,Shelley 1,,09116,Chemnitz,SN,DE,Shipper
431,Jabberstorm,Dryden 1,Hill,13409,Berlin,BE,DE,Supplier
432,Feedbug,Burning Wood 1,,20359,Hamburg,HH,DE,Shipper
433,Dabfeed,Talmadge 1,,21037,Hamburg,HH,DE,Shipper
434,Realcube,Cambridge 1,,42349,Wuppertal,NW,DE,Supplier
435,Chatterbridge,Lakewood Gardens 1,,63073,Offenbach,HE,DE,Shipper
436,Omba,Independence 1,,44795,Bochum,NW,DE,Shipper
437,Katz,Banding 1,,76199,Karlsruhe,BW,DE,Shipper
438,Flashspan,Moose 1,,39130,Magdeburg,ST,DE,Supplier
439,Eimbee,Red Cloud 1,,44629,Herne,NW,DE,Shipper
440,Vinder,Pennsylvania 1,,10179,Berlin,BE,DE,Supplier
441,Tanoodle,Oriole 1,,10409,Berlin,BE,DE,Shipper
442,Meezzy,Stang 1,,59071,Hamm,NW,DE,Shipper
443,Quinu,Forest 1,,27576,Bremerhaven,HB,DE,Shipper
444,JumpXS,Scott 1,,21037,Hamburg,HH,DE,Shipper
445,Gabtype,Granby 1,,35687,Dillenburg,HE,DE,Supplier
446,Janyx,Esker 1,,40489,Düsseldorf,NW,DE,Shipper
447,Innotype,Alpine 1,Road,34132,Kassel,HE,DE,Supplier
448,Realcube,Pearson 1,,47139,Duisburg,NW,DE,Supplier
449,Plambee,Barby 1,Pass,60325,Frankfurt am Main,HE,DE,Shipper
450,Innojam,Harbort 1,,10587,Berlin,BE,DE,Supplier
451,Bubblebox,South 1,,47139,Duisburg,NW,DE,Supplier
452,Plambee,Old Gate 1,,22769,Hamburg,HH,DE,Supplier
453,Centizu,Tomscot 1,,60325,Frankfurt am Main,HE,DE,Shipper
454,Mynte,Butternut 1,Crossing,22453,Hamburg,HH,DE,Shipper
455,Topicstorm,Barby 1,,44143,Dortmund,NW,DE,Supplier
456,Photolist,Sage 1,,99089,Erfurt,TH,DE,Supplier
457,Skajo,Vermont 1,,45356,Essen,NW,DE,Shipper
458,Skipstorm,7th 1,,01189,Dresden,SN,DE,Supplier
459,Rooxo,Holmberg 1,,44869,Bochum,NW,DE,Shipper
460,Meevee,Merchant 1,,70180,Stuttgart Stuttgart-Mitte,BW,DE,Shipper
461,InnoZ,Nobel 1,,22179,Hamburg Bramfeld,HH,DE,Supplier
462,Yombu,Troy 1,,18147,Rostock,MV,DE,Supplier
463,Twitterbridge,Lukken 1,,60325,Frankfurt am Main,HE,DE,Supplier
464,Realpoint,Melody 1,,59071,Hamm,NW,DE,Supplier
465,Trudoo,Grasskamp 1,,63073,Offenbach,HE,DE,Shipper
466,Livetube,Northport 1,,22339,Hamburg,HH,DE,Shipper
467,Meeveo,Westport 1,,04317,Leipzig,SN,DE,Shipper
468,Fivebridge,Doe Crossing 1,,42349,Wuppertal,NW,DE,Shipper
469,Camimbo,Carioca 1,,44869,Bochum,NW,DE,Shipper
470,Avavee,Eastlawn 1,,40489,Düsseldorf,NW,DE,Supplier
471,Yodo,Bowman 1,,90451,Nürnberg,BY,DE,Supplier
472,Eamia,Vernon 1,,45149,Essen,NW,DE,Supplier
473,Bubblebox,Doe Crossing 1,Trail,70190,Stuttgart,BW,DE,Shipper
474,Quatz,North 1,Pass,01189,Dresden,SN,DE,Supplier
475,Jaxbean,Rutledge 1,,20249,Hamburg Harvestehude,HH,DE,Shipper
476,Kare,Cambridge 1,,40215,Düsseldorf,NW,DE,Supplier
477,Rhynyx,Goodland 1,Trail,60325,Frankfurt am Main,HE,DE,Supplier
478,Edgepulse,Washington 1,,44143,Dortmund,NW,DE,Supplier
479,Jetpulse,Badeau 1,,38126,Braunschweig,NI,DE,Supplier
480,Jabberbean,Northwestern 1,,60325,Frankfurt am Main,HE,DE,Supplier
481,Devcast,Haas 1,,65191,Wiesbaden,HE,DE,Supplier
482,Ntags,Spohn 1,,09116,Chemnitz,SN,DE,Shipper
483,Mymm,Lake View 1,,03055,Cottbus,BB,DE,Shipper
484,Oyoyo,Lakewood Gardens 1,,70374,Stuttgart,BW,DE,Supplier
485,Skiptube,Killdeer 1,,99089,Erfurt,TH,DE,Supplier
486,Quamba,Superior 1,,63073,Offenbach,HE,DE,Shipper
487,Jabbertype,Maple 1,,81679,München,BY,DE,Shipper
488,Linkbridge,Crescent Oaks 1,,04317,Leipzig,SN,DE,Shipper
489,Kazu,Lakewood Gardens 1,,44795,Bochum,NW,DE,Supplier
490,Brainsphere,Tennessee 1,,12307,Berlin,BE,DE,Shipper
491,Demimbu,Dovetail 1,,60435,Frankfurt am Main,HE,DE,Shipper
492,Mymm,Sachtjen 1,,22453,Hamburg,HH,DE,Shipper
493,Fliptune,Wayridge 1,Avenue,51149,Köln,NW,DE,Shipper
494,Katz,Bowman 1,Parkway,50674,Köln,NW,DE,Supplier
495,Ntags,Burrows 1,,50935,Köln,NW,DE,Supplier
496,Skyble,Donald 1,,51107,Köln,NW,DE,Shipper
497,Linkbridge,Heffernan 1,,12103,Berlin,BE,DE,Supplier
498,Tagcat,Nelson 1,,04109,Leipzig,SN,DE,Shipper
499,Thoughtbeat,Mockingbird 1,,45886,Gelsenkirchen,NW,DE,Supplier
500,Kaymbo,Chive 1,,44143,Dortmund,NW,DE,Shipper
501,Brainbox,Moland 1,,01462,Dresden,SN,DE,Shipper
502,Babbleset,Twin Pines 1,,44795,Bochum,NW,DE,Supplier
503,Gigaclub,Ilene 1,,06116,Halle,ST,DE,Shipper
504,Roomm,Waxwing 1,,22179,Hamburg,HH,DE,Supplier
505,Abatz,Rutledge 1,,06116,Halle,ST,DE,Shipper
506,Yabox,Bashford 1,Point,72768,Reutlingen,BW,DE,Supplier
507,Feedmix,Maryland 1,,44869,Bochum,NW,DE,Shipper
508,Zoomcast,Reindahl 1,,44795,Bochum,NW,DE,Supplier
509,Lazz,Dixon 1,,22303,Hamburg Winterhude,HH,DE,Supplier
510,Skiptube,Barby 1,,80995,München,BY,DE,Supplier
511,Yakidoo,Walton 1,,28239,Bremen,HB,DE,Shipper
512,Gigashots,Veith 1,,59071,Hamm,NW,DE,Shipper
513,Quaxo,Manufacturers 1,,99089,Erfurt,TH,DE,Shipper
514,Wikibox,7th 1,,01156,Dresden,SN,DE,Shipper
515,Oodoo,High Crossing 1,,24118,Kiel,SH,DE,Shipper
516,Dynabox,Vahlen 1,,53129,Bonn,NW,DE,Shipper
517,Jabbertype,Porter 1,,14199,Berlin,BE,DE,Shipper
518,Wordpedia,1st 1,,35581,Wetzlar,HE,DE,Supplier
519,Geba,Delladonna 1,Street,70374,Stuttgart,BW,DE,Shipper
520,Jamia,Marquette 1,,12307,Berlin,BE,DE,Supplier
521,Mynte,Sheridan 1,,24118,Kiel,SH,DE,Shipper
522,Oyoloo,Veith 1,,41468,Neuss,NW,DE,Shipper
523,Skimia,Continental 1,,79114,Freiburg im Breisgau,BW,DE,Supplier
524,Jayo,Golf View 1,,37217,Witzenhausen,HE,DE,Supplier
525,Vinte,Anderson 1,,44795,Bochum,NW,DE,Supplier
526,Yakijo,Roxbury 1,,44269,Dortmund,NW,DE,Supplier
527,Twimbo,Waxwing 1,,99089,Erfurt,TH,DE,Supplier
528,Gigazoom,Maywood 1,,45149,Essen,NW,DE,Shipper
529,Gigabox,Talmadge 1,,40225,Düsseldorf,NW,DE,Supplier
530,Twitterbeat,Hallows 1,,40591,Düsseldorf,NW,DE,Shipper
531,Photojam,Algoma 1,,97078,Würzburg,BY,DE,Shipper
532,Kwideo,Toban 1,,55124,Mainz,RP,DE,Supplier
533,Thoughtbridge,Hayes 1,,22303,Hamburg Winterhude,HH,DE,Shipper
534,Skiptube,Fallview 1,,44795,Bochum,NW,DE,Shipper
535,Vipe,Reinke 1,,44143,Dortmund,NW,DE,Shipper
536,Voolia,Summer Ridge 1,,68239,Mannheim,BW,DE,Shipper
537,Eadel,Forest 1,,40225,Düsseldorf,NW,DE,Supplier
538,Divape,Redwing 1,Plaza,45886,Gelsenkirchen,NW,DE,Shipper
539,Voonix,Morrow 1,,40225,Düsseldorf,NW,DE,Shipper
540,Rhycero,Westend 1,Crossing,51149,Köln,NW,DE,Shipper
541,Thoughtbeat,Village Green 1,,55124,Mainz,RP,DE,Shipper
542,Meembee,Vera 1,,22339,Hamburg,HH,DE,Shipper
543,Yodo,Killdeer 1,,14109,Berlin,BE,DE,Shipper
544,Jayo,Gateway 1,Plaza,20249,Hamburg Harvestehude,HH,DE,Supplier
545,Flashpoint,Ridge Oak 1,Plaza,60325,Frankfurt am Main,HE,DE,Shipper
546,Fiveclub,Amoth 1,,42659,Solingen,NW,DE,Shipper
547,Quinu,Anniversary 1,,81679,München,BY,DE,Supplier
548,Mymm,Lakeland 1,,41468,Neuss,NW,DE,Supplier
549,Mydeo,West 1,,55124,Mainz,RP,DE,Shipper
550,Aimbo,Lerdahl 1,,22041,Hamburg,HH,DE,Supplier
551,Bubblebox,Amoth 1,,20359,Hamburg,HH,DE,Shipper
552,Edgewire,Hagan 1,,60435,Frankfurt am Main,HE,DE,Supplier
553,Innotype,Buhler 1,,30453,Hannover,NI,DE,Supplier
554,Yambee,Lerdahl 1,Place,24118,Kiel,SH,DE,Supplier
555,Einti,Spaight 1,Terrace,47139,Duisburg,NW,DE,Shipper
556,Meevee,Dahle 1,Circle,09123,Chemnitz,SN,DE,Shipper
557,Aivee,Monica 1,,74080,Heilbronn,BW,DE,Supplier
558,Cogidoo,Lerdahl 1,,60435,Frankfurt am Main,HE,DE,Shipper
559,Quimm,Shasta 1,,10587,Berlin,BE,DE,Supplier
560,Centizu,Warbler 1,,22769,Hamburg,HH,DE,Supplier
561,Yodel,Petterle 1,,04109,Leipzig,SN,DE,Shipper
562,Buzzbean,Schiller 1,,27576,Bremerhaven,HB,DE,Shipper
563,Podcat,Pankratz 1,,80686,München,BY,DE,Shipper
564,Mycat,Oneill 1,,79114,Freiburg im Breisgau,BW,DE,Shipper
565,Tambee,Marcy 1,,12437,Berlin,BE,DE,Shipper
566,Yadel,Memorial 1,,10179,Berlin,BE,DE,Supplier
567,Quamba,Melody 1,,68239,Mannheim,BW,DE,Supplier
568,Brightbean,Namekagon 1,,01189,Dresden,SN,DE,Supplier
569,Vidoo,Westend 1,,20249,Hamburg Harvestehude,HH,DE,Shipper
570,Voonyx,Menomonie 1,Avenue,09123,Chemnitz,SN,DE,Supplier
571,Yakidoo,Roth 1,,68239,Mannheim,BW,DE,Shipper
572,Fivechat,Oxford 1,,20459,Hamburg Sankt Pauli,HH,DE,Shipper
573,Skajo,Graedel 1,,34132,Kassel,HE,DE,Shipper
574,Youfeed,Logan 1,,51107,Köln,NW,DE,Supplier
575,Yodo,Weeping Birch 1,,13409,Berlin,BE,DE,Shipper
576,Jaxnation,Jana 1,,13347,Berlin,BE,DE,Supplier
577,Devbug,Briar Crest 1,,04288,Leipzig,SN,DE,Supplier
578,Skimia,Holy Cross 1,,44795,Bochum,NW,DE,Shipper
579,Nlounge,Springs 1,,55124,Mainz,RP,DE,Shipper
580,Kimia,Schmedeman 1,,51107,Köln,NW,DE,Supplier
581,Rhynyx,Butternut 1,Street,22453,Hamburg,HH,DE,Supplier
582,Voonyx,Riverside 1,,06116,Halle,ST,DE,Supplier
583,Minyx,Pearson 1,,12437,Berlin,BE,DE,Shipper
584,Kamba,Magdeline 1,,79106,Freiburg im Breisgau,BW,DE,Shipper
585,Kazio,Doe Crossing 1,Alley,51149,Köln,NW,DE,Shipper
586,Devbug,Bobwhite 1,,44869,Bochum,NW,DE,Shipper
587,Edgeify,Waubesa 1,,12103,Berlin,BE,DE,Shipper
588,Topdrive,Mariners Cove 1,,90451,Nürnberg,BY,DE,Shipper
589,Gabvine,Fremont 1,Place,22179,Hamburg Bramfeld,HH,DE,Supplier
590,Photobug,Oriole 1,,48161,Münster,NW,DE,Shipper
591,Eire,Bluejay 1,,80337,München,BY,DE,Shipper
592,Thoughtbridge,Sunfield 1,,12559,Berlin,BE,DE,Shipper
593,Topicware,Summerview 1,Court,10409,Berlin,BE,DE,Shipper
594,Jayo,Mifflin 1,,40489,Düsseldorf,NW,DE,Shipper
595,Skilith,Maryland 1,,28239,Bremen,HB,DE,Supplier
596,Tavu,Hanson 1,,22453,Hamburg,HH,DE,Shipper
597,Oyonder,Hollow Ridge 1,Street,30167,Hannover,NI,DE,Supplier
598,Centizu,Buena Vista 1,,47139,Duisburg,NW,DE,Shipper
599,Agivu,Warbler 1,,68239,Mannheim,BW,DE,Shipper
600,Zoomlounge,Pepper Wood 1,,68239,Mannheim,BW,DE,Supplier
601,Wordpedia,Hermina 1,,45141,Essen,NW,DE,Supplier
602,Miboo,Lakeland 1,,45149,Essen,NW,DE,Supplier
603,Ntag,Parkside 1,,49082,Osnabrück,NI,DE,Supplier
604,Brainsphere,Reinke 1,Pass,20359,Hamburg,HH,DE,Shipper
605,Abatz,Birchwood 1,,23568,Lübeck,SH,DE,Supplier
606,Trudeo,Cottonwood 1,,47139,Duisburg,NW,DE,Supplier
607,Yakijo,Linden 1,,42349,Wuppertal,NW,DE,Shipper
608,Edgepulse,Fieldstone 1,,50935,Köln,NW,DE,Shipper
609,Kamba,Sage 1,,38126,Braunschweig,NI,DE,Shipper
610,Voolith,Dexter 1,,68239,Mannheim,BW,DE,Supplier
611,Meeveo,Esch 1,,10715,Berlin,BE,DE,Supplier
612,Tazz,Melby 1,,79106,Freiburg im Breisgau,BW,DE,Shipper
613,Thoughtbeat,Sutteridge 1,,70180,Stuttgart Stuttgart-Mitte,BW,DE,Shipper
614,Blogtags,Oneill 1,,12683,Berlin,BE,DE,Shipper
615,Realpoint,Roxbury 1,,81373,München,BY,DE,Supplier
616,Voonte,Dawn 1,,01462,Dresden,SN,DE,Shipper
617,Edgeblab,Crest Line 1,,55124,Mainz,RP,DE,Supplier
618,Zazio,Brown 1,,22179,Hamburg,HH,DE,Supplier
619,Cogilith,Hintze 1,,42285,Wuppertal,NW,DE,Shipper
620,Dazzlesphere,Northland 1,,40489,Düsseldorf,NW,DE,Shipper
621,Oyonder,Dayton 1,,80995,München,BY,DE,Supplier
622,Thoughtstorm,Jenifer 1,,04109,Leipzig,SN,DE,Shipper
623,Yamia,Sloan 1,,65191,Wiesbaden,HE,DE,Shipper
624,Trunyx,Lunder 1,,24109,Kiel,SH,DE,Supplier
625,Voonder,Maple 1,,44369,Dortmund,NW,DE,Supplier
626,Avamba,Grasskamp 1,,28239,Bremen,HB,DE,Shipper
627,Skipstorm,Hagan 1,,12307,Berlin,BE,DE,Shipper
628,Yodel,Rockefeller 1,,37217,Witzenhausen,HE,DE,Supplier
629,Mynte,Nevada 1,,10179,Berlin,BE,DE,Supplier
630,Wikibox,Meadow Valley 1,,06116,Halle,ST,DE,Shipper
631,Buzzster,Delaware 1,,47239,Duisburg,NW,DE,Supplier
632,Kanoodle,Sunbrook 1,,60549,Frankfurt am Main,HE,DE,Supplier
633,Centidel,Little Fleur 1,,40225,Düsseldorf,NW,DE,Shipper
634,Skivee,Dottie 1,,22111,Hamburg,HH,DE,Shipper
635,Feedfish,Debra 1,,59071,Hamm,NW,DE,Supplier
636,Flashset,Arizona 1,,38106,Braunschweig,NI,DE,Shipper
637,Yakidoo,Dexter 1,,13599,Berlin,BE,DE,Supplier
638,Kaymbo,Monica 1,Plaza,42897,Remscheid,NW,DE,Supplier
639,Skidoo,Rutledge 1,,90451,Nürnberg,BY,DE,Shipper
640,Gigaclub,Cottonwood 1,,22179,Hamburg Bramfeld,HH,DE,Shipper
641,Agimba,Esch 1,,40225,Düsseldorf,NW,DE,Supplier
642,Rhycero,Superior 1,,47239,Duisburg,NW,DE,Supplier
643,Tagpad,Schiller 1,,04288,Leipzig,SN,DE,Shipper
644,Janyx,Pleasure 1,,67067,Ludwigshafen am Rhein,RP,DE,Supplier
645,Zooxo,Kensington 1,,18147,Rostock,MV,DE,Supplier
646,Kayveo,Randy 1,,22559,Hamburg,HH,DE,Supplier
647,Yacero,Sutherland 1,,44369,Dortmund,NW,DE,Shipper
648,Abatz,Coleman 1,,12103,Berlin,BE,DE,Shipper
649,Skipstorm,Manitowish 1,,10179,Berlin,BE,DE,Shipper
650,Zoombeat,Fieldstone 1,,60435,Frankfurt am Main,HE,DE,Supplier
651,Photolist,Butterfield 1,,65191,Wiesbaden,HE,DE,Supplier
652,Feedspan,Vahlen 1,Alley,20249,Hamburg,HH,DE,Shipper
653,Eamia,Farragut 1,,70190,Stuttgart,BW,DE,Shipper
654,Fivechat,Superior 1,,22303,Hamburg Winterhude,HH,DE,Supplier
655,Meembee,Golf View 1,,70374,Stuttgart,BW,DE,Shipper
656,Jabbertype,La Follette 1,,13509,Berlin,BE,DE,Supplier
657,Bubblemix,Glacier Hill 1,,01156,Dresden,SN,DE,Supplier
658,Voonte,Loomis 1,,21037,Hamburg,HH,DE,Supplier
659,Pixoboo,Nelson 1,,81373,München,BY,DE,Shipper
660,Meemm,Summer Ridge 1,Alley,70190,Stuttgart,BW,DE,Shipper
661,Browsebug,Division 1,,42285,Wuppertal,NW,DE,Shipper
662,Meembee,Main 1,,42285,Wuppertal,NW,DE,Shipper
663,Jayo,Sundown 1,,33619,Bielefeld,NW,DE,Shipper
664,Miboo,Lindbergh 1,,70567,Stuttgart,BW,DE,Supplier
665,Twiyo,Bowman 1,,22339,Hamburg,HH,DE,Shipper
666,Thoughtblab,Merrick 1,,20249,Hamburg,HH,DE,Supplier
667,Meevee,Valley Edge 1,,10587,Berlin,BE,DE,Shipper
668,Jaloo,Colorado 1,,06116,Halle,ST,DE,Supplier
669,Realfire,Clemons 1,,10409,Berlin,BE,DE,Shipper
670,Camimbo,Nelson 1,Trail,20249,Hamburg Harvestehude,HH,DE,Shipper
671,Yodel,Karstens 1,,04109,Leipzig,SN,DE,Supplier
672,Ozu,Melvin 1,Court,45356,Essen,NW,DE,Shipper
673,Edgeify,Roxbury 1,,72768,Reutlingen,BW,DE,Shipper
674,Voomm,Bartillon 1,,90480,Nürnberg,BY,DE,Shipper
675,Jaxworks,Delladonna 1,,40215,Düsseldorf,NW,DE,Supplier
676,Photospace,Utah 1,,79114,Freiburg im Breisgau,BW,DE,Shipper
677,Thoughtworks,Bayside 1,,10409,Berlin,BE,DE,Shipper
678,Leexo,New Castle 1,,44369,Dortmund,NW,DE,Supplier
679,Aibox,Melby 1,,60325,Frankfurt am Main,HE,DE,Shipper
680,Jaxbean,Eggendart 1,,20249,Hamburg,HH,DE,Supplier
681,Quatz,Goodland 1,,12437,Berlin,BE,DE,Shipper
682,Agivu,Havey 1,,80804,München,BY,DE,Shipper
683,Photobean,Welch 1,,76199,Karlsruhe,BW,DE,Shipper
684,Oba,Beilfuss 1,,13509,Berlin,BE,DE,Supplier
685,Jetwire,Oxford 1,,50674,Köln,NW,DE,Supplier
686,Topdrive,Annamark 1,,22041,Hamburg,HH,DE,Supplier
687,Brainverse,Mayfield 1,,60549,Frankfurt am Main,HE,DE,Shipper
688,Youtags,Manley 1,,10587,Berlin,BE,DE,Shipper
689,Youspan,Morning 1,,70567,Stuttgart,BW,DE,Supplier
690,Blogtags,Carpenter 1,,22303,Hamburg Winterhude,HH,DE,Shipper
691,Oyoloo,Harper 1,,37217,Witzenhausen,HE,DE,Supplier
692,Ozu,Hintze 1,Crossing,70374,Stuttgart,BW,DE,Shipper
693,Topicshots,Schmedeman 1,,50674,Köln,NW,DE,Supplier
694,Thoughtsphere,Arkansas 1,Junction,67067,Ludwigshafen am Rhein,RP,DE,Shipper
695,Skyvu,Sugar 1,,22559,Hamburg,HH,DE,Shipper
696,Browsedrive,Pankratz 1,,63073,Offenbach,HE,DE,Shipper
697,Rhynyx,Mcbride 1,,44869,Bochum,NW,DE,Shipper
698,Linkbridge,Lakewood 1,,72768,Reutlingen,BW,DE,Shipper
699,Katz,Eggendart 1,,01462,Dresden,SN,DE,Supplier
700,Jaxworks,Forest 1,,20249,Hamburg,HH,DE,Supplier
701,Fadeo,Warbler 1,,04109,Leipzig,SN,DE,Shipper
702,Einti,Brickson Park 1,,14109,Berlin,BE,DE,Supplier
703,Buzzshare,Briar Crest 1,,50733,Köln,NW,DE,Shipper
704,Mita,Mcguire 1,,80686,München,BY,DE,Shipper
705,Thoughtstorm,Harbort 1,,70190,Stuttgart,BW,DE,Shipper
706,BlogXS,Monterey 1,,01156,Dresden,SN,DE,Shipper
707,Quatz,Mendota 1,,01189,Dresden,SN,DE,Shipper
708,Jayo,Donald 1,,30453,Hannover,NI,DE,Shipper
709,Camido,Fremont 1,,01156,Dresden,SN,DE,Shipper
710,Tavu,Ludington 1,,40225,Düsseldorf,NW,DE,Shipper
711,Blogtags,Green 1,,42285,Wuppertal,NW,DE,Shipper
712,Linkbridge,Harbort 1,,49082,Osnabrück,NI,DE,Shipper
713,Dablist,Homewood 1,,60549,Frankfurt am Main,HE,DE,Shipper
714,Talane,Prairie Rose 1,Court,20249,Hamburg,HH,DE,Shipper
715,Vinte,Schiller 1,,13347,Berlin,BE,DE,Shipper
716,Twinder,Pond 1,,80686,München,BY,DE,Shipper
717,Jaloo,Bobwhite 1,,63456,Hanau,HE,DE,Shipper
718,Jazzy,Harbort 1,,50935,Köln,NW,DE,Supplier
719,Ooba,Summer Ridge 1,,13509,Berlin,BE,DE,Supplier
720,Innotype,Lindbergh 1,,35687,Dillenburg,HE,DE,Shipper
721,Skilith,Golf 1,,22179,Hamburg Bramfeld,HH,DE,Supplier
722,Jayo,Charing Cross 1,Street,70374,Stuttgart,BW,DE,Shipper
723,Browsetype,Wayridge 1,,13599,Berlin,BE,DE,Shipper
724,Twitterbridge,Elgar 1,,22179,Hamburg Bramfeld,HH,DE,Supplier
725,Wordware,Warrior 1,,13599,Berlin,BE,DE,Shipper
726,Livetube,Golden Leaf 1,,10715,Berlin,BE,DE,Supplier
727,Realbridge,Reindahl 1,,06126,Halle,ST,DE,Supplier
728,Skippad,Linden 1,,45473,Mülheim an der Ruhr,NW,DE,Shipper
729,Fivebridge,Charing Cross 1,,04317,Leipzig,SN,DE,Supplier
730,Shufflester,Boyd 1,,22303,Hamburg Winterhude,HH,DE,Supplier
731,Mydo,Sloan 1,Lane,99089,Erfurt,TH,DE,Shipper
732,Voonte,Twin Pines 1,,59071,Hamm,NW,DE,Shipper
733,Pixonyx,Rutledge 1,,65191,Wiesbaden,HE,DE,Supplier
734,Leenti,Center 1,,90411,Nürnberg,BY,DE,Shipper
735,Aimbu,Canary 1,Drive,35581,Wetzlar,HE,DE,Supplier
736,Linkbridge,Schlimgen 1,,47139,Duisburg,NW,DE,Supplier
737,Camido,Carberry 1,Court,33619,Bielefeld,NW,DE,Shipper
738,Kare,Ilene 1,,50674,Köln,NW,DE,Shipper
739,Bluezoom,Tennyson 1,,42897,Remscheid,NW,DE,Shipper
740,Skalith,Pierstorff 1,,23568,Lübeck,SH,DE,Supplier
741,Bluejam,Harbort 1,,10823,Berlin,BE,DE,Supplier
742,Quatz,Tomscot 1,,35687,Dillenburg,HE,DE,Supplier
743,Zoomlounge,Northfield 1,Alley,12437,Berlin,BE,DE,Supplier
744,Devbug,Tennyson 1,,76199,Karlsruhe,BW,DE,Shipper
745,Topicblab,Cody 1,Trail,12559,Berlin,BE,DE,Supplier
746,DabZ,Bowman 1,,12559,Berlin,BE,DE,Shipper
747,Gabtune,Pierstorff 1,,48161,Münster,NW,DE,Supplier
748,Npath,Cardinal 1,,21037,Hamburg,HH,DE,Shipper
749,Devshare,Toban 1,,74080,Heilbronn,BW,DE,Supplier
750,Topicshots,Green 1,,14199,Berlin,BE,DE,Shipper
751,Yodoo,Twin Pines 1,,80804,München,BY,DE,Shipper
752,Flipbug,Crowley 1,,60435,Frankfurt am Main,HE,DE,Shipper
753,Ooba,Meadow Vale 1,,45149,Essen,NW,DE,Supplier
754,Leexo,Cambridge 1,,45886,Gelsenkirchen,NW,DE,Shipper
755,Edgewire,Dottie 1,,20249,Hamburg Harvestehude,HH,DE,Supplier
756,Digitube,Morning 1,,45886,Gelsenkirchen,NW,DE,Shipper
757,Vitz,Spenser 1,,13599,Berlin,BE,DE,Supplier
758,Rooxo,Monterey 1,,04288,Leipzig,SN,DE,Supplier
759,Youfeed,Northport 1,,51107,Köln,NW,DE,Shipper
760,Wikizz,Toban 1,,01189,Dresden,SN,DE,Supplier
761,Livetube,Larry 1,,42897,Remscheid,NW,DE,Supplier
762,Oyoyo,Ridgeway 1,,22453,Hamburg,HH,DE,Supplier
763,Dabvine,Onsgard 1,,44369,Dortmund,NW,DE,Supplier
764,Pixoboo,North 1,,72768,Reutlingen,BW,DE,Supplier
765,Camido,Sullivan 1,,10179,Berlin,BE,DE,Shipper
766,Quimba,Chive 1,,80686,München,BY,DE,Supplier
767,Trudeo,Bunting 1,,10823,Berlin,BE,DE,Shipper
768,Demimbu,Prairieview 1,,37217,Witzenhausen,HE,DE,Shipper
769,Pixope,Karstens 1,,42349,Wuppertal,NW,DE,Supplier
770,Quamba,Mayfield 1,,41199,Mönchengladbach,NW,DE,Supplier
771,Zoozzy,Holmberg 1,,33619,Bielefeld,NW,DE,Shipper
772,Jaxbean,Jenifer 1,,44143,Dortmund,NW,DE,Supplier
773,Oodoo,Hooker 1,,50674,Köln,NW,DE,Shipper
774,Zoomzone,Sycamore 1,,06126,Halle,ST,DE,Shipper
775,Dablist,Corry 1,,60325,Frankfurt am Main,HE,DE,Supplier
776,Tavu,Bonner 1,Junction,70567,Stuttgart,BW,DE,Shipper
777,Babbleset,Calypso 1,,81543,München,BY,DE,Shipper
778,Rhynyx,Rockefeller 1,,55124,Mainz,RP,DE,Supplier
779,Rhynyx,Fair Oaks 1,,35687,Dillenburg,HE,DE,Shipper
780,Jetwire,Loftsgordon 1,,22041,Hamburg,HH,DE,Shipper
781,Tambee,Northport 1,,39130,Magdeburg,ST,DE,Supplier
782,Tagtune,South 1,,12307,Berlin,BE,DE,Shipper
783,Gabvine,Corry 1,,80686,München,BY,DE,Supplier
784,Izio,8th 1,,04109,Leipzig,SN,DE,Supplier
785,Camimbo,Hoffman 1,,76199,Karlsruhe,BW,DE,Shipper
786,Aimbo,Sunnyside 1,,80995,München,BY,DE,Supplier
787,Yakijo,Lerdahl 1,,12307,Berlin,BE,DE,Shipper
788,Kare,Onsgard 1,Avenue,39130,Magdeburg,ST,DE,Shipper
789,Vinder,Jenifer 1,,45141,Essen,NW,DE,Supplier
790,Jaxbean,Mockingbird 1,,42659,Solingen,NW,DE,Supplier
791,Oyoyo,Del Sol 1,,66119,Saarbrücken,SL,DE,Shipper
792,Jabbersphere,Cambridge 1,,28239,Bremen,HB,DE,Shipper
793,Teklist,Pierstorff 1,,48161,Münster,NW,DE,Supplier
794,Centimia,Lakewood 1,,70180,Stuttgart Stuttgart-Mitte,BW,DE,Supplier
795,Wikido,Stone Corner 1,,45141,Essen,NW,DE,Shipper
796,Wikizz,7th 1,,40489,Düsseldorf,NW,DE,Supplier
797,Gabtune,Lakewood 1,,47239,Duisburg,NW,DE,Supplier
798,Jabbercube,John Wall 1,,65191,Wiesbaden,HE,DE,Supplier
799,Nlounge,Buena Vista 1,,41468,Neuss,NW,DE,Supplier
800,Buzzdog,Buhler 1,Park,13347,Berlin,BE,DE,Shipper
801,Myworks,Caliangt 1,,60325,Frankfurt am Main,HE,DE,Shipper
802,Topicstorm,Dixon 1,Circle,90411,Nürnberg,BY,DE,Shipper
803,Jabbertype,5th 1,Park,39130,Magdeburg,ST,DE,Shipper
804,Mymm,Dixon 1,,42659,Solingen,NW,DE,Supplier
805,Livepath,Sage 1,,60325,Frankfurt am Main,HE,DE,Shipper
806,Bluejam,Warrior 1,,12559,Berlin,BE,DE,Shipper
807,Quimm,Debra 1,,45886,Gelsenkirchen,NW,DE,Shipper
808,Chatterbridge,Fulton 1,,23568,Lübeck,SH,DE,Supplier
809,Omba,Pierstorff 1,,42285,Wuppertal,NW,DE,Supplier
810,Twinder,Iowa 1,Center,80995,München,BY,DE,Supplier
811,Feedmix,Golf View 1,Trail,50674,Köln,NW,DE,Shipper
812,Livetube,Miller 1,,06116,Halle,ST,DE,Supplier
813,Yodo,Starling 1,,22559,Hamburg,HH,DE,Supplier
814,Thoughtblab,Memorial 1,,41199,Mönchengladbach,NW,DE,Supplier
815,Riffpedia,Memorial 1,,44629,Herne,NW,DE,Shipper
816,Flashset,Mcguire 1,,80337,München,BY,DE,Shipper
817,Flashspan,Mitchell 1,,52080,Aachen,NW,DE,Shipper
818,Einti,Mccormick 1,,01156,Dresden,SN,DE,Supplier
819,Eabox,Eliot 1,,90411,Nürnberg,BY,DE,Supplier
820,Divape,Huxley 1,,40225,Düsseldorf,NW,DE,Shipper
821,Brightdog,Montana 1,,99089,Erfurt,TH,DE,Shipper
822,Kaymbo,Grasskamp 1,,45141,Essen,NW,DE,Shipper
823,Thoughtbridge,Mariners Cove 1,,44143,Dortmund,NW,DE,Shipper
824,Midel,Bunker Hill 1,,22769,Hamburg,HH,DE,Shipper
825,Plajo,Susan 1,,27576,Bremerhaven,HB,DE,Shipper
826,Voolith,Mesta 1,,44269,Dortmund,NW,DE,Supplier
827,Jabberstorm,Lunder 1,,10715,Berlin,BE,DE,Supplier
828,Layo,Oxford 1,,70180,Stuttgart Stuttgart-Mitte,BW,DE,Shipper
829,Yombu,Holmberg 1,,44869,Bochum,NW,DE,Shipper
830,Photospace,Anhalt 1,,53129,Bonn,NW,DE,Shipper
831,Rhynyx,Forest Dale 1,Center,12559,Berlin,BE,DE,Supplier
832,Jaxworks,Northwestern 1,,40591,Düsseldorf,NW,DE,Supplier
833,Divape,Carioca 1,,10179,Berlin,BE,DE,Shipper
834,Cogidoo,Kings 1,,38106,Braunschweig,NI,DE,Shipper
835,Mita,Buena Vista 1,,20249,Hamburg,HH,DE,Shipper
836,Edgetag,Ridgeview 1,,10587,Berlin,BE,DE,Supplier
837,Bluejam,Hoffman 1,,63073,Offenbach,HE,DE,Supplier
838,Quimba,Kingsford 1,,44629,Herne,NW,DE,Shipper
839,JumpXS,Eagle Crest 1,,80995,München,BY,DE,Shipper
840,Zoombox,Nobel 1,,70374,Stuttgart,BW,DE,Supplier
841,Izio,Corscot 1,,45149,Essen,NW,DE,Shipper
842,Riffwire,Northview 1,Place,41199,Mönchengladbach,NW,DE,Shipper
843,Ntag,Lotheville 1,,44143,Dortmund,NW,DE,Supplier
844,Realbridge,Anthes 1,,50674,Köln,NW,DE,Shipper
845,Jayo,Hauk 1,,60325,Frankfurt am Main,HE,DE,Shipper
846,Feednation,Service 1,,48161,Münster,NW,DE,Supplier
847,Edgeclub,Village 1,,23568,Lübeck,SH,DE,Shipper
848,Flashspan,Birchwood 1,,79106,Freiburg im Breisgau,BW,DE,Supplier
849,Riffwire,Lighthouse Bay 1,,33619,Bielefeld,NW,DE,Supplier
850,Linkbridge,Muir 1,,01189,Dresden,SN,DE,Supplier
851,Kanoodle,Golf Course 1,,18147,Rostock,MV,DE,Shipper
852,Tagchat,Clemons 1,,47239,Duisburg,NW,DE,Shipper
853,Jaxworks,Graceland 1,,80337,München,BY,DE,Shipper
854,Livepath,2nd 1,Street,23568,Lübeck,SH,DE,Supplier
855,Brainlounge,Judy 1,,21037,Hamburg,HH,DE,Supplier
856,Voomm,Commercial 1,,12559,Berlin,BE,DE,Supplier
857,Devbug,Ludington 1,,99089,Erfurt,TH,DE,Shipper
858,Tagopia,Westport 1,Pass,59071,Hamm,NW,DE,Shipper
859,Trudeo,Hanson 1,,20459,Hamburg Sankt Pauli,HH,DE,Shipper
860,Kwideo,School 1,,38106,Braunschweig,NI,DE,Supplier
861,Skivee,Gerald 1,,79114,Freiburg im Breisgau,BW,DE,Shipper
862,Zoonder,Mockingbird 1,,67067,Ludwigshafen am Rhein,RP,DE,Supplier
863,Eazzy,Arkansas 1,,37217,Witzenhausen,HE,DE,Shipper
864,Yakidoo,Northport 1,,10823,Berlin,BE,DE,Shipper
865,Kamba,Kings 1,,39130,Magdeburg,ST,DE,Shipper
866,Dabjam,Buell 1,,40225,Düsseldorf,NW,DE,Shipper
867,Cogibox,Hovde 1,,09116,Chemnitz,SN,DE,Supplier
868,Tazzy,Eagan 1,,12437,Berlin,BE,DE,Shipper
869,Mydo,Holmberg 1,Circle,60325,Frankfurt am Main,HE,DE,Shipper
870,Zoovu,John Wall 1,,22769,Hamburg,HH,DE,Shipper
871,Bluejam,Morrow 1,,44143,Dortmund,NW,DE,Shipper
872,Realblab,Surrey 1,,63456,Hanau,HE,DE,Supplier
873,Yodel,Moland 1,,80337,München,BY,DE,Shipper
874,Flashpoint,Mesta 1,Junction,67067,Ludwigshafen am Rhein,RP,DE,Shipper
875,Gigazoom,Rockefeller 1,,42897,Remscheid,NW,DE,Shipper
876,Flipopia,Farwell 1,,10715,Berlin,BE,DE,Supplier
877,Bluejam,Menomonie 1,,12045,Berlin,BE,DE,Shipper
878,Dablist,Oneill 1,,28239,Bremen,HB,DE,Supplier
879,Gevee,Packers 1,,23568,Lübeck,SH,DE,Supplier
880,Npath,Ohio 1,,06116,Halle,ST,DE,Shipper
881,Blogtags,Muir 1,,13409,Berlin,BE,DE,Shipper
882,Agivu,Fair Oaks 1,,30629,Hannover,NI,DE,Shipper
883,Oodoo,Center 1,,28355,Bremen,HB,DE,Supplier
884,Mudo,Shelley 1,,04109,Leipzig,SN,DE,Shipper
885,Camimbo,Algoma 1,,81543,München,BY,DE,Shipper
886,Quaxo,Grasskamp 1,,44143,Dortmund,NW,DE,Supplier
887,Abata,Fair Oaks 1,,04288,Leipzig,SN,DE,Shipper
888,Thoughtworks,Dorton 1,,22041,Hamburg,HH,DE,Supplier
889,Shufflebeat,2nd 1,,41468,Neuss,NW,DE,Shipper
890,Youbridge,Dakota 1,,12307,Berlin,BE,DE,Supplier
891,Kanoodle,Eagle Crest 1,,81373,München,BY,DE,Shipper
892,Eare,Utah 1,Plaza,74080,Heilbronn,BW,DE,Supplier
893,Voonder,Laurel 1,,50674,Köln,NW,DE,Shipper
894,Latz,Pine View 1,,40489,Düsseldorf,NW,DE,Supplier
895,Blogtags,Bayside 1,,44869,Bochum,NW,DE,Shipper
896,Geba,Comanche 1,Alley,45141,Essen,NW,DE,Shipper
897,Voonte,Delladonna 1,,42285,Wuppertal,NW,DE,Supplier
898,Trupe,Grayhawk 1,,50733,Köln,NW,DE,Supplier
899,Buzzdog,Del Sol 1,,06126,Halle,ST,DE,Shipper
900,Babbleset,Utah 1,,10179,Berlin,BE,DE,Shipper
901,Gigashots,Jana 1,,12103,Berlin,BE,DE,Shipper
902,Trunyx,Waxwing 1,Street,70567,Stuttgart,BW,DE,Supplier
903,Mymm,Sunnyside 1,,06126,Halle,ST,DE,Supplier
904,Mynte,New Castle 1,,67067,Ludwigshafen am Rhein,RP,DE,Supplier
905,Snaptags,Union 1,,67067,Ludwigshafen am Rhein,RP,DE,Shipper
906,Snaptags,Nelson 1,,44143,Dortmund,NW,DE,Shipper
907,Tagtune,Elmside 1,,34132,Kassel,HE,DE,Shipper
908,JumpXS,Melody 1,,42349,Wuppertal,NW,DE,Supplier
909,Brightbean,Hauk 1,,76199,Karlsruhe,BW,DE,Supplier
910,Twitterlist,Jana 1,,12307,Berlin,BE,DE,Supplier
911,Jayo,Stang 1,,81543,München,BY,DE,Supplier
912,Dabjam,Rockefeller 1,,01189,Dresden,SN,DE,Supplier
913,Feedfish,Randy 1,,60325,Frankfurt am Main,HE,DE,Supplier
914,Mynte,Starling 1,Pass,06126,Halle,ST,DE,Shipper
915,Yamia,Forest Run 1,,59071,Hamm,NW,DE,Supplier
916,Blogtag,Monica 1,Plaza,70374,Stuttgart,BW,DE,Supplier
917,Fliptune,Fairview 1,,48161,Münster,NW,DE,Shipper
918,Gigazoom,Thackeray 1,,22179,Hamburg Bramfeld,HH,DE,Shipper
919,Fiveclub,Nobel 1,,68239,Mannheim,BW,DE,Shipper
920,Browsetype,Debra 1,,22111,Hamburg,HH,DE,Supplier
921,Youspan,Burrows 1,,20249,Hamburg,HH,DE,Supplier
922,Realcube,Portage 1,,30629,Hannover,NI,DE,Shipper
923,Twitterbeat,Forest Run 1,,34132,Kassel,HE,DE,Supplier
924,Brainverse,Sachtjen 1,,90480,Nürnberg,BY,DE,Supplier
925,Tazz,Nobel 1,,44795,Bochum,NW,DE,Shipper
926,Yamia,Loftsgordon 1,,45356,Essen,NW,DE,Shipper
927,Skinte,Lawn 1,,70567,Stuttgart,BW,DE,Shipper
928,Wordtune,Swallow 1,,79114,Freiburg im Breisgau,BW,DE,Supplier
929,Mynte,Michigan 1,,12307,Berlin,BE,DE,Supplier
930,Quamba,Barnett 1,,50935,Köln,NW,DE,Shipper
931,Yata,3rd 1,,13347,Berlin,BE,DE,Shipper
932,Livefish,Mesta 1,,24109,Kiel,SH,DE,Shipper
933,Yodo,Birchwood 1,,01156,Dresden,SN,DE,Supplier
934,Abatz,Lunder 1,,24109,Kiel,SH,DE,Supplier
935,Ozu,Kenwood 1,,60325,Frankfurt am Main,HE,DE,Supplier
936,Brainlounge,Manufacturers 1,,45141,Essen,NW,DE,Supplier
937,Cogilith,Prentice 1,,22179,Hamburg,HH,DE,Shipper
938,Quimba,Barby 1,,12437,Berlin,BE,DE,Shipper
939,Eimbee,Mallory 1,,18147,Rostock,MV,DE,Shipper
940,Photojam,Memorial 1,,12169,Berlin,BE,DE,Supplier
941,Skimia,Mifflin 1,,38126,Braunschweig,NI,DE,Shipper
942,Yacero,Cordelia 1,,50674,Köln,NW,DE,Supplier
943,Yakijo,Dovetail 1,,72768,Reutlingen,BW,DE,Supplier
944,Jaxworks,Union 1,,52080,Aachen,NW,DE,Supplier
945,Yabox,Spohn 1,Road,76199,Karlsruhe,BW,DE,Supplier
946,Feedfire,Lotheville 1,,45886,Gelsenkirchen,NW,DE,Supplier
947,Zoonoodle,Everett 1,,13599,Berlin,BE,DE,Shipper
948,Omba,7th 1,,70567,Stuttgart,BW,DE,Shipper
949,Realcube,8th 1,,22111,Hamburg,HH,DE,Supplier
950,Thoughtbeat,Sachtjen 1,Parkway,42349,Wuppertal,NW,DE,Shipper
951,Eimbee,Waywood 1,,30167,Hannover,NI,DE,Supplier
952,Flashpoint,Tennessee 1,,30453,Hannover,NI,DE,Supplier
953,Jetwire,Mccormick 1,,47239,Duisburg,NW,DE,Shipper
954,Twitterbridge,Starling 1,Terrace,28239,Bremen,HB,DE,Supplier
955,Demimbu,Mcguire 1,,45141,Essen,NW,DE,Shipper
956,Quimm,Susan 1,,01189,Dresden,SN,DE,Shipper
957,Feedbug,Crest Line 1,,45473,Mülheim an der Ruhr,NW,DE,Supplier
958,Skyble,Banding 1,,45886,Gelsenkirchen,NW,DE,Shipper
959,Tambee,Lawn 1,,40215,Düsseldorf,NW,DE,Shipper
960,Skinder,Dryden 1,,40489,Düsseldorf,NW,DE,Supplier
961,Omba,Rusk 1,,22303,Hamburg Winterhude,HH,DE,Shipper
962,Gevee,Acker 1,,80995,München,BY,DE,Shipper
963,Mycat,Village Green 1,,47239,Duisburg,NW,DE,Shipper
964,Yombu,Onsgard 1,,49082,Osnabrück,NI,DE,Supplier
965,Livetube,Bowman 1,,40591,Düsseldorf,NW,DE,Shipper
966,Buzzbean,Pankratz 1,,09116,Chemnitz,SN,DE,Supplier
967,Divavu,Ridgeview 1,,04317,Leipzig,SN,DE,Supplier
968,Jabberbean,Heath 1,,18147,Rostock,MV,DE,Supplier
969,Twitterworks,Arizona 1,,97078,Würzburg,BY,DE,Shipper
970,Aimbo,Northview 1,,45473,Mülheim an der Ruhr,NW,DE,Shipper
971,Skibox,Kipling 1,,24118,Kiel,SH,DE,Shipper
972,Fliptune,Namekagon 1,,60435,Frankfurt am Main,HE,DE,Supplier
973,Oyoloo,Lighthouse Bay 1,,51149,Köln,NW,DE,Shipper
974,Twitterlist,Brickson Park 1,,22179,Hamburg,HH,DE,Supplier
975,Brightbean,High Crossing 1,Parkway,22339,Hamburg,HH,DE,Supplier
976,Fadeo,Walton 1,,63073,Offenbach,HE,DE,Supplier
977,Topicshots,Portage 1,,42285,Wuppertal,NW,DE,Supplier
978,Photobean,Kedzie 1,,04109,Leipzig,SN,DE,Shipper
979,Mymm,Brown 1,,28355,Bremen,HB,DE,Supplier
980,Realbridge,West 1,,10179,Berlin,BE,DE,Shipper
981,Voonyx,Lakeland 1,,80804,München,BY,DE,Shipper
982,Quatz,Lotheville 1,,81373,München,BY,DE,Shipper
983,InnoZ,Meadow Vale 1,Crossing,44795,Bochum,NW,DE,Shipper
984,Realcube,Grover 1,,44143,Dortmund,NW,DE,Shipper
985,Realbuzz,Morrow 1,,44269,Dortmund,NW,DE,Supplier
986,Viva,Sunfield 1,,44869,Bochum,NW,DE,Shipper
987,Oyope,Bunker Hill 1,,09116,Chemnitz,SN,DE,Supplier
988,Layo,3rd 1,,86156,Augsburg,BY,DE,Supplier
989,Youfeed,Oneill 1,,13088,Berlin,BE,DE,Supplier
990,Blogspan,Reindahl 1,,28239,Bremen,HB,DE,Shipper
991,Aibox,Kim 1,,03055,Cottbus,BB,DE,Supplier
992,JumpXS,Fremont 1,,51149,Köln,NW,DE,Shipper
993,Vidoo,Rockefeller 1,,22303,Hamburg Winterhude,HH,DE,Supplier
994,Skyba,Arapahoe 1,,86156,Augsburg,BY,DE,Supplier
995,Skinder,Sloan 1,,09123,Chemnitz,SN,DE,Supplier
996,Livetube,Blaine 1,,47139,Duisburg,NW,DE,Shipper
997,Zoomdog,David 1,Trail,03055,Cottbus,BB,DE,Supplier
998,Topicware,Petterle 1,,09123,Chemnitz,SN,DE,Shipper
999,Brainbox,Village 1,Alley,04288,Leipzig,SN,DE,Shipper
1000,Trudoo,Farwell 1,,13088,Berlin,BE,DE,Supplier
